boot_id,n_spacing_modes,spacing_mode_center_1,jitter_boundary_1,jitter_boundary_2,occupancy_boundary_1,occupancy_boundary_2
0,1,2.3193359375,0.2923163461405639,0.29334401481188344,0.20830527497194162,0.2545454545454545
1,1,2.3193359375,0.2799644761030204,0.2881990561280494,0.20606060606060606,0.27025813692480355
2,1,2.3193359375,0.2923163461405639,0.2923163461405639,0.18518518518518517,0.20718294051627384
3,1,2.3193359375,0.2840817661155349,0.29334401481188344,0.2303030303030303,0.2545454545454545
4,1,2.3193359375,0.2840817661155349,0.29334401481188344,0.20606060606060606,0.2424242424242424
5,1,2.3193359375,0.29283018047622367,0.2938578491475432,0.2303030303030303,0.2545454545454545
6,1,2.3193359375,0.28459560045119464,0.2938578491475432,0.2303030303030303,0.2545454545454545
7,1,2.3193359375,0.27748355044734135,0.2881990561280494,0.20606060606060606,0.21818181818181817
8,1,2.3193359375,0.2840817661155349,0.2923163461405639,0.19012345679012346,0.2641975308641975
9,1,2.3193359375,0.28160084045985584,0.2923163461405639,0.1961840628507295,0.21818181818181817
10,1,2.3193359375,0.29283018047622367,0.2938578491475432,0.21818181818181817,0.2545454545454545
11,1,2.3193359375,0.2840817661155349,0.2923163461405639,0.20830527497194162,0.2823793490460157
12,1,2.3193359375,0.28160084045985584,0.29334401481188344,0.20606060606060606,0.21818181818181817
13,1,2.3193359375,0.28459560045119464,0.30118632883178226,0.20606060606060606,0.2424242424242424
14,1,2.3193359375,0.2840817661155349,0.2923163461405639,0.20830527497194162,0.2823793490460157
15,1,2.3193359375,0.2938578491475432,0.30118632883178226,0.2,0.23636363636363633
16,1,2.3193359375,0.27748355044734135,0.2881990561280494,0.21818181818181817,0.2424242424242424
17,1,2.3193359375,0.2840817661155349,0.2923163461405639,0.19012345679012346,0.21212121212121213
18,1,2.3193359375,0.27624308761950184,0.28798626197152943,0.21818181818181817,0.21818181818181817
19,1,2.3193359375,0.2923163461405639,0.3006724944961225,0.19012345679012346,0.2
20,1,2.3193359375,0.27748355044734135,0.2799644761030204,0.21818181818181817,0.27025813692480355
21,1,2.3193359375,0.2923163461405639,0.2923163461405639,0.18518518518518517,0.18518518518518517
22,1,2.3193359375,0.2938578491475432,0.2938578491475432,0.21818181818181817,0.2545454545454545
23,1,2.3193359375,0.2799644761030204,0.28922672479936895,0.2684624017957351,0.2962962962962963
24,1,2.3193359375,0.2923163461405639,0.29334401481188344,0.1961840628507295,0.2424242424242424
25,1,2.3193359375,0.2923163461405639,0.29334401481188344,0.20830527497194162,0.2545454545454545
26,1,2.3193359375,0.29283018047622367,0.2938578491475432,0.2545454545454545,0.2545454545454545
27,1,2.3193359375,0.29283018047622367,0.30118632883178226,0.2,0.23636363636363633
28,1,2.3193359375,0.2821146747955156,0.30118632883178226,0.20606060606060606,0.21818181818181817
29,1,2.3193359375,0.27748355044734135,0.2799644761030204,0.21818181818181817,0.27025813692480355
30,1,2.3193359375,0.2821146747955156,0.30118632883178226,0.20606060606060606,0.21818181818181817
31,1,2.3193359375,0.2923163461405639,0.29334401481188344,0.20830527497194162,0.2545454545454545
32,1,2.3193359375,0.29283018047622367,0.2938578491475432,0.2303030303030303,0.2545454545454545
33,1,2.3193359375,0.2799644761030204,0.296555204483608,0.20606060606060606,0.27025813692480355
34,1,2.3193359375,0.2840817661155349,0.2923163461405639,0.18518518518518517,0.25925925925925924
35,1,2.3193359375,0.2840817661155349,0.29334401481188344,0.2303030303030303,0.2545454545454545
36,1,2.3193359375,0.2840817661155349,0.29334401481188344,0.2303030303030303,0.2545454545454545
37,1,2.3193359375,0.29752208898966276,0.3048505686739018,0.2,0.23636363636363633
38,1,2.3193359375,0.2923163461405639,0.2923163461405639,0.18518518518518517,0.19506172839506172
39,1,2.3193359375,0.2799644761030204,0.296555204483608,0.20606060606060606,0.27025813692480355
40,1,2.3193359375,0.29283018047622367,0.2938578491475432,0.20606060606060606,0.2424242424242424
41,1,2.3193359375,0.2923163461405639,0.3006724944961225,0.19012345679012346,0.2
42,1,2.3193359375,0.2923163461405639,0.29334401481188344,0.18518518518518517,0.19506172839506172
43,1,2.3193359375,0.2799644761030204,0.28922672479936895,0.2303030303030303,0.2823793490460157
44,1,2.3193359375,0.2923163461405639,0.29334401481188344,0.19012345679012346,0.23636363636363633
45,1,2.3193359375,0.28459560045119464,0.2938578491475432,0.2303030303030303,0.2545454545454545
46,1,2.3193359375,0.2840817661155349,0.29334401481188344,0.2303030303030303,0.2545454545454545
47,1,2.3193359375,0.2923163461405639,0.29334401481188344,0.18518518518518517,0.19506172839506172
48,1,2.3193359375,0.2840817661155349,0.2923163461405639,0.20830527497194162,0.2823793490460157
49,1,2.3193359375,0.2840817661155349,0.2923163461405639,0.20830527497194162,0.2823793490460157
50,1,2.3193359375,0.2840817661155349,0.29334401481188344,0.21818181818181817,0.2823793490460157
51,1,2.3193359375,0.2799644761030204,0.2881990561280494,0.2684624017957351,0.2962962962962963
52,1,2.3193359375,0.27748355044734135,0.2881990561280494,0.20606060606060606,0.21818181818181817
53,1,2.3193359375,0.2938578491475432,0.2938578491475432,0.21818181818181817,0.2545454545454545
54,1,2.3193359375,0.2799644761030204,0.28922672479936895,0.2303030303030303,0.2823793490460157
55,1,2.3193359375,0.2840817661155349,0.29334401481188344,0.2545454545454545,0.2823793490460157
56,1,2.3193359375,0.2938578491475432,0.2938578491475432,0.21818181818181817,0.2545454545454545
57,1,2.3193359375,0.28459560045119464,0.2938578491475432,0.2545454545454545,0.2545454545454545
58,1,2.3193359375,0.2821146747955156,0.30118632883178226,0.20606060606060606,0.21818181818181817
59,1,2.3193359375,0.28459560045119464,0.2938578491475432,0.2303030303030303,0.2545454545454545
60,1,2.3193359375,0.27748355044734135,0.28922672479936895,0.21818181818181817,0.2424242424242424
61,1,2.3193359375,0.28459560045119464,0.30118632883178226,0.21818181818181817,0.2823793490460157
62,1,2.3193359375,0.2923163461405639,0.3006724944961225,0.19012345679012346,0.2
63,1,2.3193359375,0.2923163461405639,0.2923163461405639,0.18518518518518517,0.18518518518518517
64,1,2.3193359375,0.27748355044734135,0.2881990561280494,0.20606060606060606,0.21818181818181817
65,1,2.3193359375,0.28459560045119464,0.30118632883178226,0.21818181818181817,0.2823793490460157
66,1,2.3193359375,0.2938578491475432,0.30118632883178226,0.20606060606060606,0.2424242424242424
67,1,2.3193359375,0.27624308761950184,0.2953147416557685,0.20606060606060606,0.21818181818181817
68,1,2.3193359375,0.2923163461405639,0.29334401481188344,0.19012345679012346,0.21212121212121213
69,1,2.3193359375,0.27748355044734135,0.2799644761030204,0.21818181818181817,0.27025813692480355
70,1,2.3193359375,0.28459560045119464,0.2938578491475432,0.2303030303030303,0.2545454545454545
71,1,2.3193359375,0.27748355044734135,0.2799644761030204,0.21818181818181817,0.27025813692480355
72,1,2.3193359375,0.27624308761950184,0.27872401327518087,0.21818181818181817,0.21818181818181817
73,1,2.3193359375,0.29283018047622367,0.2938578491475432,0.21818181818181817,0.2545454545454545
74,1,2.3193359375,0.29283018047622367,0.30118632883178226,0.2,0.21212121212121213
75,1,2.3193359375,0.2923163461405639,0.3006724944961225,0.19012345679012346,0.2
76,1,2.3193359375,0.27748355044734135,0.2799644761030204,0.21818181818181817,0.27025813692480355
77,1,2.3193359375,0.27748355044734135,0.2799644761030204,0.24421997755331087,0.2962962962962963
78,1,2.3193359375,0.2923163461405639,0.29334401481188344,0.19012345679012346,0.23636363636363633
79,1,2.3193359375,0.2799644761030204,0.296555204483608,0.20606060606060606,0.27025813692480355
80,1,2.3193359375,0.28160084045985584,0.29334401481188344,0.20606060606060606,0.21818181818181817
81,1,2.3193359375,0.2799644761030204,0.28922672479936895,0.2545454545454545,0.2823793490460157
82,1,2.3193359375,0.2799644761030204,0.296555204483608,0.23209876543209876,0.2962962962962963
83,1,2.3193359375,0.2840817661155349,0.29334401481188344,0.20606060606060606,0.2424242424242424
84,1,2.3193359375,0.2923163461405639,0.29334401481188344,0.1961840628507295,0.2424242424242424
85,1,2.3193359375,0.27748355044734135,0.2799644761030204,0.21818181818181817,0.27025813692480355
86,1,2.3193359375,0.2799644761030204,0.2881990561280494,0.2303030303030303,0.2823793490460157
87,1,2.3193359375,0.2799644761030204,0.28922672479936895,0.2303030303030303,0.2823793490460157
88,1,2.3193359375,0.28459560045119464,0.2938578491475432,0.2303030303030303,0.2545454545454545
89,1,2.3193359375,0.29283018047622367,0.30118632883178226,0.2,0.21212121212121213
90,1,2.3193359375,0.27748355044734135,0.28922672479936895,0.2303030303030303,0.2545454545454545
91,1,2.3193359375,0.2799644761030204,0.2881990561280494,0.2303030303030303,0.2823793490460157
92,1,2.3193359375,0.2840817661155349,0.2923163461405639,0.20830527497194162,0.2823793490460157
93,1,2.3193359375,0.27748355044734135,0.2799644761030204,0.2303030303030303,0.2823793490460157
94,1,2.3193359375,0.2923163461405639,0.29334401481188344,0.1961840628507295,0.2424242424242424
95,1,2.3193359375,0.2799644761030204,0.2881990561280494,0.1961840628507295,0.27025813692480355
96,1,2.3193359375,0.29283018047622367,0.30118632883178226,0.2,0.21212121212121213
97,1,2.3193359375,0.29283018047622367,0.30118632883178226,0.19012345679012346,0.2
98,1,2.3193359375,0.28160084045985584,0.2923163461405639,0.19012345679012346,0.21212121212121213
99,1,2.3193359375,0.28459560045119464,0.2938578491475432,0.2303030303030303,0.2545454545454545
100,1,2.3193359375,0.27748355044734135,0.2881990561280494,0.20606060606060606,0.21818181818181817
101,1,2.3193359375,0.29752208898966276,0.3048505686739018,0.2,0.23636363636363633
102,1,2.3193359375,0.27624308761950184,0.27624308761950184,0.21818181818181817,0.21818181818181817
103,1,2.3193359375,0.2799644761030204,0.28922672479936895,0.2545454545454545,0.2823793490460157
104,1,2.3193359375,0.2799644761030204,0.296555204483608,0.20606060606060606,0.27025813692480355
105,1,2.3193359375,0.27624308761950184,0.27872401327518087,0.21818181818181817,0.21818181818181817
106,1,2.3193359375,0.28459560045119464,0.2938578491475432,0.2545454545454545,0.2823793490460157
107,1,2.3193359375,0.2799644761030204,0.28922672479936895,0.2684624017957351,0.2962962962962963
108,1,2.3193359375,0.2799644761030204,0.2799644761030204,0.24421997755331087,0.2962962962962963
109,1,2.3193359375,0.29283018047622367,0.2938578491475432,0.2545454545454545,0.2545454545454545
110,1,2.3193359375,0.27624308761950184,0.2953147416557685,0.20606060606060606,0.21818181818181817
111,1,2.3193359375,0.28160084045985584,0.2923163461405639,0.1961840628507295,0.21818181818181817
112,1,2.3193359375,0.2799644761030204,0.28922672479936895,0.2545454545454545,0.2823793490460157
113,1,2.3193359375,0.29752208898966276,0.3048505686739018,0.2,0.2
114,1,2.3193359375,0.2799644761030204,0.28922672479936895,0.2303030303030303,0.2823793490460157
115,1,2.3193359375,0.27748355044734135,0.28922672479936895,0.21818181818181817,0.2424242424242424
116,1,2.3193359375,0.2799644761030204,0.2799644761030204,0.2684624017957351,0.2962962962962963
117,1,2.3193359375,0.27624308761950184,0.27872401327518087,0.21818181818181817,0.21818181818181817
118,1,2.3193359375,0.27624308761950184,0.2953147416557685,0.20606060606060606,0.21818181818181817
119,1,2.3193359375,0.2923163461405639,0.2923163461405639,0.18518518518518517,0.20718294051627384
120,1,2.3193359375,0.2840817661155349,0.2923163461405639,0.18518518518518517,0.20718294051627384
121,1,2.3193359375,0.2821146747955156,0.2938578491475432,0.21818181818181817,0.2424242424242424
122,1,2.3193359375,0.2923163461405639,0.29334401481188344,0.19012345679012346,0.21212121212121213
123,1,2.3193359375,0.2840817661155349,0.3006724944961225,0.2,0.2641975308641975
124,1,2.3193359375,0.29283018047622367,0.2938578491475432,0.2545454545454545,0.2545454545454545
125,1,2.3193359375,0.3048505686739018,0.3048505686739018,0.2,0.2
126,1,2.3193359375,0.29283018047622367,0.30118632883178226,0.2,0.23636363636363633
127,1,2.3193359375,0.2923163461405639,0.3006724944961225,0.19012345679012346,0.2
128,1,2.3193359375,0.28160084045985584,0.2923163461405639,0.1961840628507295,0.21818181818181817
129,1,2.3193359375,0.2821146747955156,0.2938578491475432,0.21818181818181817,0.2424242424242424
130,1,2.3193359375,0.29283018047622367,0.2938578491475432,0.20606060606060606,0.2424242424242424
131,1,2.3193359375,0.2923163461405639,0.29334401481188344,0.19012345679012346,0.23636363636363633
132,1,2.3193359375,0.2840817661155349,0.29334401481188344,0.21818181818181817,0.2823793490460157
133,1,2.3193359375,0.27748355044734135,0.2881990561280494,0.21818181818181817,0.2424242424242424
134,1,2.3193359375,0.2840817661155349,0.2923163461405639,0.18518518518518517,0.20718294051627384
135,1,2.3193359375,0.2840817661155349,0.29334401481188344,0.2303030303030303,0.2545454545454545
136,1,2.3193359375,0.27748355044734135,0.2799644761030204,0.21818181818181817,0.27025813692480355
137,1,2.3193359375,0.29283018047622367,0.2938578491475432,0.2303030303030303,0.2545454545454545
138,1,2.3193359375,0.27624308761950184,0.27872401327518087,0.21818181818181817,0.21818181818181817
139,1,2.3193359375,0.2840817661155349,0.29334401481188344,0.21818181818181817,0.2823793490460157
140,1,2.3193359375,0.2799644761030204,0.2881990561280494,0.2684624017957351,0.2962962962962963
141,1,2.3193359375,0.2938578491475432,0.2938578491475432,0.2545454545454545,0.2545454545454545
142,1,2.3193359375,0.2923163461405639,0.2923163461405639,0.18518518518518517,0.20718294051627384
143,1,2.3193359375,0.2938578491475432,0.2938578491475432,0.21818181818181817,0.2545454545454545
144,1,2.3193359375,0.27748355044734135,0.2799644761030204,0.21818181818181817,0.27025813692480355
145,1,2.3193359375,0.2840817661155349,0.2923163461405639,0.20830527497194162,0.2823793490460157
146,1,2.3193359375,0.2923163461405639,0.29334401481188344,0.19012345679012346,0.21212121212121213
147,1,2.3193359375,0.2923163461405639,0.2923163461405639,0.18518518518518517,0.19506172839506172
148,1,2.3193359375,0.2923163461405639,0.2923163461405639,0.18518518518518517,0.19506172839506172
149,1,2.3193359375,0.29752208898966276,0.3048505686739018,0.2,0.23636363636363633
150,1,2.3193359375,0.27748355044734135,0.2799644761030204,0.2303030303030303,0.2823793490460157
151,1,2.3193359375,0.2923163461405639,0.29334401481188344,0.19012345679012346,0.23636363636363633
152,1,2.3193359375,0.27748355044734135,0.28922672479936895,0.21818181818181817,0.2424242424242424
153,1,2.3193359375,0.2923163461405639,0.29334401481188344,0.19012345679012346,0.23636363636363633
154,1,2.3193359375,0.27748355044734135,0.2881990561280494,0.1961840628507295,0.21818181818181817
155,1,2.3193359375,0.27748355044734135,0.28922672479936895,0.21818181818181817,0.2424242424242424
156,1,2.3193359375,0.2799644761030204,0.2881990561280494,0.2303030303030303,0.2823793490460157
157,1,2.3193359375,0.2840817661155349,0.29334401481188344,0.2545454545454545,0.2823793490460157
158,1,2.3193359375,0.2840817661155349,0.29334401481188344,0.2303030303030303,0.2545454545454545
159,1,2.3193359375,0.2938578491475432,0.30118632883178226,0.20606060606060606,0.2424242424242424
160,1,2.3193359375,0.2840817661155349,0.29334401481188344,0.20606060606060606,0.2424242424242424
161,1,2.3193359375,0.2840817661155349,0.29334401481188344,0.20606060606060606,0.2424242424242424
162,1,2.3193359375,0.2840817661155349,0.2923163461405639,0.19012345679012346,0.21212121212121213
163,1,2.3193359375,0.27748355044734135,0.2799644761030204,0.21818181818181817,0.27025813692480355
164,1,2.3193359375,0.2840817661155349,0.2923163461405639,0.18518518518518517,0.25925925925925924
165,1,2.3193359375,0.27748355044734135,0.2799644761030204,0.21818181818181817,0.27025813692480355
166,1,2.3193359375,0.28459560045119464,0.30118632883178226,0.20606060606060606,0.2424242424242424
167,1,2.3193359375,0.27748355044734135,0.2799644761030204,0.21818181818181817,0.27025813692480355
168,1,2.3193359375,0.2799644761030204,0.2881990561280494,0.20606060606060606,0.27025813692480355
169,1,2.3193359375,0.2799644761030204,0.2799644761030204,0.24421997755331087,0.2962962962962963
170,1,2.3193359375,0.27624308761950184,0.2953147416557685,0.20606060606060606,0.21818181818181817
171,1,2.3193359375,0.27748355044734135,0.2881990561280494,0.20606060606060606,0.21818181818181817
172,1,2.3193359375,0.27624308761950184,0.27872401327518087,0.21818181818181817,0.21818181818181817
173,1,2.3193359375,0.27748355044734135,0.2881990561280494,0.21818181818181817,0.2424242424242424
174,1,2.3193359375,0.2840817661155349,0.29334401481188344,0.21818181818181817,0.2823793490460157
175,1,2.3193359375,0.29283018047622367,0.2938578491475432,0.20830527497194162,0.2545454545454545
176,1,2.3193359375,0.27748355044734135,0.2799644761030204,0.2303030303030303,0.2823793490460157
177,1,2.3193359375,0.2799644761030204,0.2881990561280494,0.23209876543209876,0.2962962962962963
178,1,2.3193359375,0.2840817661155349,0.2923163461405639,0.1961840628507295,0.2424242424242424
179,1,2.3193359375,0.2840817661155349,0.2923163461405639,0.20830527497194162,0.2823793490460157
180,1,2.3193359375,0.2799644761030204,0.28922672479936895,0.2303030303030303,0.2823793490460157
181,1,2.3193359375,0.2840817661155349,0.29334401481188344,0.21818181818181817,0.2823793490460157
182,1,2.3193359375,0.2840817661155349,0.29334401481188344,0.20606060606060606,0.2424242424242424
183,1,2.3193359375,0.29283018047622367,0.2938578491475432,0.19012345679012346,0.23636363636363633
184,1,2.3193359375,0.28459560045119464,0.2938578491475432,0.2303030303030303,0.2545454545454545
185,1,2.3193359375,0.2938578491475432,0.2938578491475432,0.2303030303030303,0.2545454545454545
186,1,2.3193359375,0.29283018047622367,0.2938578491475432,0.19012345679012346,0.23636363636363633
187,1,2.3193359375,0.2799644761030204,0.28922672479936895,0.2545454545454545,0.2823793490460157
188,1,2.3193359375,0.2840817661155349,0.29334401481188344,0.2303030303030303,0.2545454545454545
189,1,2.3193359375,0.27748355044734135,0.2799644761030204,0.21818181818181817,0.27025813692480355
190,1,2.3193359375,0.2923163461405639,0.29334401481188344,0.19012345679012346,0.23636363636363633
191,1,2.3193359375,0.2923163461405639,0.29334401481188344,0.1961840628507295,0.2424242424242424
192,1,2.3193359375,0.27748355044734135,0.28922672479936895,0.21818181818181817,0.2424242424242424
193,1,2.3193359375,0.2840817661155349,0.29334401481188344,0.20606060606060606,0.2424242424242424
194,1,2.3193359375,0.2938578491475432,0.2938578491475432,0.2545454545454545,0.2545454545454545
195,1,2.3193359375,0.2938578491475432,0.30118632883178226,0.21818181818181817,0.2545454545454545
196,1,2.3193359375,0.29283018047622367,0.2938578491475432,0.20830527497194162,0.2545454545454545
197,1,2.3193359375,0.2923163461405639,0.3006724944961225,0.18518518518518517,0.19506172839506172
198,1,2.3193359375,0.2938578491475432,0.2938578491475432,0.2545454545454545,0.2545454545454545
199,1,2.3193359375,0.29283018047622367,0.2938578491475432,0.20606060606060606,0.2424242424242424
200,1,2.3193359375,0.27748355044734135,0.2881990561280494,0.21818181818181817,0.2424242424242424
201,1,2.3193359375,0.28160084045985584,0.29334401481188344,0.21818181818181817,0.2424242424242424
202,1,2.3193359375,0.29752208898966276,0.3048505686739018,0.2,0.2
203,1,2.3193359375,0.2799644761030204,0.28922672479936895,0.2303030303030303,0.2823793490460157
204,1,2.3193359375,0.27624308761950184,0.27872401327518087,0.21818181818181817,0.27025813692480355
205,1,2.3193359375,0.28459560045119464,0.30118632883178226,0.21818181818181817,0.2823793490460157
206,1,2.3193359375,0.2840817661155349,0.29334401481188344,0.21818181818181817,0.2823793490460157
207,1,2.3193359375,0.27748355044734135,0.2881990561280494,0.21818181818181817,0.2424242424242424
208,1,2.3193359375,0.2923163461405639,0.29334401481188344,0.19012345679012346,0.21212121212121213
209,1,2.3193359375,0.2840817661155349,0.2923163461405639,0.19012345679012346,0.2641975308641975
210,1,2.3193359375,0.28459560045119464,0.2938578491475432,0.2303030303030303,0.2545454545454545
211,1,2.3193359375,0.29283018047622367,0.2938578491475432,0.20606060606060606,0.2424242424242424
212,1,2.3193359375,0.2923163461405639,0.2923163461405639,0.18518518518518517,0.18518518518518517
213,1,2.3193359375,0.2840817661155349,0.3006724944961225,0.2,0.21212121212121213
214,1,2.3193359375,0.29283018047622367,0.2938578491475432,0.19012345679012346,0.23636363636363633
215,1,2.3193359375,0.2799644761030204,0.2881990561280494,0.2303030303030303,0.2823793490460157
216,1,2.3193359375,0.27624308761950184,0.28798626197152943,0.21818181818181817,0.21818181818181817
217,1,2.3193359375,0.27624308761950184,0.27872401327518087,0.21818181818181817,0.21818181818181817
218,1,2.3193359375,0.2938578491475432,0.30118632883178226,0.20606060606060606,0.2424242424242424
219,1,2.3193359375,0.2799644761030204,0.2881990561280494,0.2303030303030303,0.2823793490460157
220,1,2.3193359375,0.28459560045119464,0.2938578491475432,0.2303030303030303,0.2545454545454545
221,1,2.3193359375,0.27748355044734135,0.2799644761030204,0.21818181818181817,0.27025813692480355
222,1,2.3193359375,0.2840817661155349,0.3006724944961225,0.2,0.2641975308641975
223,1,2.3193359375,0.29283018047622367,0.2938578491475432,0.2303030303030303,0.2545454545454545
224,1,2.3193359375,0.2799644761030204,0.296555204483608,0.20606060606060606,0.27025813692480355
225,1,2.3193359375,0.28160084045985584,0.2923163461405639,0.1961840628507295,0.21818181818181817
226,1,2.3193359375,0.2923163461405639,0.2923163461405639,0.18518518518518517,0.18518518518518517
227,1,2.3193359375,0.2923163461405639,0.29334401481188344,0.19012345679012346,0.23636363636363633
228,1,2.3193359375,0.27624308761950184,0.2953147416557685,0.20606060606060606,0.21818181818181817
229,1,2.3193359375,0.2923163461405639,0.29334401481188344,0.1961840628507295,0.2424242424242424
230,1,2.3193359375,0.2938578491475432,0.30118632883178226,0.20606060606060606,0.2424242424242424
231,1,2.3193359375,0.28459560045119464,0.30118632883178226,0.20606060606060606,0.2424242424242424
232,1,2.3193359375,0.2938578491475432,0.2938578491475432,0.2545454545454545,0.2545454545454545
233,1,2.3193359375,0.27748355044734135,0.2799644761030204,0.21818181818181817,0.27025813692480355
234,1,2.3193359375,0.2840817661155349,0.2923163461405639,0.19012345679012346,0.2641975308641975
235,1,2.3193359375,0.2882598402933142,0.3048505686739018,0.2,0.2641975308641975
236,1,2.3193359375,0.2923163461405639,0.29334401481188344,0.1961840628507295,0.2424242424242424
237,1,2.3193359375,0.28459560045119464,0.2938578491475432,0.2545454545454545,0.2823793490460157
238,1,2.3193359375,0.29283018047622367,0.2938578491475432,0.21818181818181817,0.2545454545454545
239,1,2.3193359375,0.28160084045985584,0.2923163461405639,0.18518518518518517,0.20718294051627384
240,1,2.3193359375,0.28160084045985584,0.2923163461405639,0.1961840628507295,0.21818181818181817
241,1,2.3193359375,0.28160084045985584,0.29334401481188344,0.20606060606060606,0.21818181818181817
242,1,2.3193359375,0.2840817661155349,0.2923163461405639,0.1961840628507295,0.2424242424242424
243,1,2.3193359375,0.2840817661155349,0.29334401481188344,0.2303030303030303,0.2545454545454545
244,1,2.3193359375,0.2923163461405639,0.29334401481188344,0.1961840628507295,0.2424242424242424
245,1,2.3193359375,0.27748355044734135,0.2799644761030204,0.21818181818181817,0.27025813692480355
246,1,2.3193359375,0.28160084045985584,0.2923163461405639,0.18518518518518517,0.20718294051627384
247,1,2.3193359375,0.2799644761030204,0.296555204483608,0.23209876543209876,0.2962962962962963
248,1,2.3193359375,0.28160084045985584,0.29334401481188344,0.21818181818181817,0.2424242424242424
249,1,2.3193359375,0.27624308761950184,0.28798626197152943,0.21818181818181817,0.21818181818181817
250,1,2.3193359375,0.2923163461405639,0.29334401481188344,0.19012345679012346,0.23636363636363633
251,1,2.3193359375,0.28459560045119464,0.2938578491475432,0.2303030303030303,0.2545454545454545
252,1,2.3193359375,0.2821146747955156,0.30118632883178226,0.20606060606060606,0.21818181818181817
253,1,2.3193359375,0.2799644761030204,0.2799644761030204,0.24421997755331087,0.2962962962962963
254,1,2.3193359375,0.2840817661155349,0.2923163461405639,0.19012345679012346,0.21212121212121213
255,1,2.3193359375,0.2840817661155349,0.2923163461405639,0.18518518518518517,0.20718294051627384
256,1,2.3193359375,0.2923163461405639,0.3006724944961225,0.19012345679012346,0.2
257,1,2.3193359375,0.2799644761030204,0.2881990561280494,0.20606060606060606,0.27025813692480355
258,1,2.3193359375,0.27748355044734135,0.28922672479936895,0.21818181818181817,0.2424242424242424
259,1,2.3193359375,0.29283018047622367,0.2938578491475432,0.21818181818181817,0.2545454545454545
260,1,2.3193359375,0.2923163461405639,0.2923163461405639,0.18518518518518517,0.20718294051627384
261,1,2.3193359375,0.29283018047622367,0.30118632883178226,0.2,0.21212121212121213
262,1,2.3193359375,0.28160084045985584,0.29334401481188344,0.20606060606060606,0.21818181818181817
263,1,2.3193359375,0.2938578491475432,0.30118632883178226,0.2,0.23636363636363633
264,1,2.3193359375,0.27748355044734135,0.28922672479936895,0.21818181818181817,0.2424242424242424
265,1,2.3193359375,0.2840817661155349,0.2923163461405639,0.19012345679012346,0.2641975308641975
266,1,2.3193359375,0.29283018047622367,0.2938578491475432,0.2303030303030303,0.2545454545454545
267,1,2.3193359375,0.2923163461405639,0.29334401481188344,0.19012345679012346,0.21212121212121213
268,1,2.3193359375,0.2799644761030204,0.28922672479936895,0.2684624017957351,0.2962962962962963
269,1,2.3193359375,0.28160084045985584,0.2923163461405639,0.1961840628507295,0.21818181818181817
270,1,2.3193359375,0.28459560045119464,0.30118632883178226,0.20606060606060606,0.2424242424242424
271,1,2.3193359375,0.28459560045119464,0.30118632883178226,0.21818181818181817,0.2823793490460157
272,1,2.3193359375,0.28459560045119464,0.30118632883178226,0.21818181818181817,0.2823793490460157
273,1,2.3193359375,0.2840817661155349,0.29334401481188344,0.20606060606060606,0.2424242424242424
274,1,2.3193359375,0.2821146747955156,0.2938578491475432,0.21818181818181817,0.2424242424242424
275,1,2.3193359375,0.28160084045985584,0.29334401481188344,0.21818181818181817,0.2424242424242424
276,1,2.3193359375,0.28577891463763516,0.3048505686739018,0.2,0.21212121212121213
277,1,2.3193359375,0.2821146747955156,0.30118632883178226,0.20606060606060606,0.21818181818181817
278,1,2.3193359375,0.29283018047622367,0.30118632883178226,0.2,0.21212121212121213
279,1,2.3193359375,0.2923163461405639,0.29334401481188344,0.19012345679012346,0.23636363636363633
280,1,2.3193359375,0.2882598402933142,0.3048505686739018,0.2,0.21212121212121213
281,1,2.3193359375,0.2799644761030204,0.296555204483608,0.20606060606060606,0.27025813692480355
282,1,2.3193359375,0.29283018047622367,0.2938578491475432,0.21818181818181817,0.2545454545454545
283,1,2.3193359375,0.2923163461405639,0.29334401481188344,0.1961840628507295,0.2424242424242424
284,1,2.3193359375,0.28160084045985584,0.29334401481188344,0.20606060606060606,0.21818181818181817
285,1,2.3193359375,0.28160084045985584,0.2923163461405639,0.19012345679012346,0.21212121212121213
286,1,2.3193359375,0.28459560045119464,0.2938578491475432,0.2545454545454545,0.2823793490460157
287,1,2.3193359375,0.2840817661155349,0.29334401481188344,0.20606060606060606,0.2424242424242424
288,1,2.3193359375,0.2840817661155349,0.29334401481188344,0.2303030303030303,0.2545454545454545
289,1,2.3193359375,0.27748355044734135,0.2799644761030204,0.21818181818181817,0.27025813692480355
290,1,2.3193359375,0.28459560045119464,0.30118632883178226,0.21818181818181817,0.2823793490460157
291,1,2.3193359375,0.28459560045119464,0.2938578491475432,0.2303030303030303,0.2545454545454545
292,1,2.3193359375,0.2799644761030204,0.2881990561280494,0.20606060606060606,0.27025813692480355
293,1,2.3193359375,0.2840817661155349,0.2923163461405639,0.19012345679012346,0.2641975308641975
294,1,2.3193359375,0.28160084045985584,0.29334401481188344,0.20606060606060606,0.21818181818181817
295,1,2.3193359375,0.29752208898966276,0.3048505686739018,0.2,0.23636363636363633
296,1,2.3193359375,0.2799644761030204,0.28922672479936895,0.2684624017957351,0.2962962962962963
297,1,2.3193359375,0.2799644761030204,0.2799644761030204,0.2684624017957351,0.2962962962962963
298,1,2.3193359375,0.2938578491475432,0.30118632883178226,0.21818181818181817,0.2545454545454545
299,1,2.3193359375,0.29283018047622367,0.2938578491475432,0.2303030303030303,0.2545454545454545
300,1,2.3193359375,0.29752208898966276,0.3048505686739018,0.2,0.23636363636363633
301,1,2.3193359375,0.28160084045985584,0.29334401481188344,0.20606060606060606,0.21818181818181817
302,1,2.3193359375,0.3048505686739018,0.3048505686739018,0.2,0.2
303,1,2.3193359375,0.28459560045119464,0.2938578491475432,0.2545454545454545,0.2545454545454545
304,1,2.3193359375,0.2799644761030204,0.2881990561280494,0.1961840628507295,0.27025813692480355
305,1,2.3193359375,0.2799644761030204,0.2799644761030204,0.24421997755331087,0.2962962962962963
306,1,2.3193359375,0.27748355044734135,0.2799644761030204,0.24421997755331087,0.2962962962962963
307,1,2.3193359375,0.2799644761030204,0.2881990561280494,0.2222222222222222,0.2962962962962963
308,1,2.3193359375,0.2938578491475432,0.30118632883178226,0.21818181818181817,0.2545454545454545
309,1,2.3193359375,0.2840817661155349,0.29334401481188344,0.2303030303030303,0.2545454545454545
310,1,2.3193359375,0.29283018047622367,0.2938578491475432,0.20606060606060606,0.2424242424242424
311,1,2.3193359375,0.27624308761950184,0.27872401327518087,0.21818181818181817,0.21818181818181817
312,1,2.3193359375,0.29752208898966276,0.3048505686739018,0.2,0.21212121212121213
313,1,2.3193359375,0.27624308761950184,0.2869585933002099,0.21818181818181817,0.21818181818181817
314,1,2.3193359375,0.2799644761030204,0.2881990561280494,0.20606060606060606,0.27025813692480355
315,1,2.3193359375,0.2923163461405639,0.29334401481188344,0.19012345679012346,0.23636363636363633
316,1,2.3193359375,0.2938578491475432,0.30118632883178226,0.2,0.23636363636363633
317,1,2.3193359375,0.27748355044734135,0.2799644761030204,0.21818181818181817,0.27025813692480355
318,1,2.3193359375,0.2923163461405639,0.3006724944961225,0.19012345679012346,0.2
319,1,2.3193359375,0.2840817661155349,0.2923163461405639,0.18518518518518517,0.20718294051627384
320,1,2.3193359375,0.2840817661155349,0.3006724944961225,0.2,0.21212121212121213
321,1,2.3193359375,0.2799644761030204,0.28922672479936895,0.2303030303030303,0.2823793490460157
322,1,2.3193359375,0.2840817661155349,0.2923163461405639,0.18518518518518517,0.25925925925925924
323,1,2.3193359375,0.2799644761030204,0.2881990561280494,0.2303030303030303,0.2823793490460157
324,1,2.3193359375,0.2799644761030204,0.28922672479936895,0.2303030303030303,0.2823793490460157
325,1,2.3193359375,0.28459560045119464,0.2938578491475432,0.2303030303030303,0.2545454545454545
326,1,2.3193359375,0.27748355044734135,0.28922672479936895,0.2303030303030303,0.2545454545454545
327,1,2.3193359375,0.2840817661155349,0.29334401481188344,0.21818181818181817,0.2823793490460157
328,1,2.3193359375,0.2840817661155349,0.29334401481188344,0.2545454545454545,0.2823793490460157
329,1,2.3193359375,0.28160084045985584,0.3006724944961225,0.2,0.21212121212121213
330,1,2.3193359375,0.2799644761030204,0.2799644761030204,0.2962962962962963,0.2962962962962963
331,1,2.3193359375,0.27624308761950184,0.2953147416557685,0.20606060606060606,0.21818181818181817
332,1,2.3193359375,0.2923163461405639,0.29334401481188344,0.20830527497194162,0.2545454545454545
333,1,2.3193359375,0.2923163461405639,0.29334401481188344,0.18518518518518517,0.19506172839506172
334,1,2.3193359375,0.2923163461405639,0.29334401481188344,0.18518518518518517,0.19506172839506172
335,1,2.3193359375,0.27748355044734135,0.28922672479936895,0.2303030303030303,0.2545454545454545
336,1,2.3193359375,0.2799644761030204,0.2881990561280494,0.20606060606060606,0.27025813692480355
337,1,2.3193359375,0.28459560045119464,0.2938578491475432,0.2545454545454545,0.2545454545454545
338,1,2.3193359375,0.2840817661155349,0.2923163461405639,0.19012345679012346,0.21212121212121213
339,1,2.3193359375,0.2840817661155349,0.29334401481188344,0.20606060606060606,0.2424242424242424
340,1,2.3193359375,0.2799644761030204,0.2881990561280494,0.20606060606060606,0.27025813692480355
341,1,2.3193359375,0.27624308761950184,0.2953147416557685,0.20606060606060606,0.21818181818181817
342,1,2.3193359375,0.2923163461405639,0.29334401481188344,0.19012345679012346,0.21212121212121213
343,1,2.3193359375,0.29283018047622367,0.2938578491475432,0.20606060606060606,0.2424242424242424
344,1,2.3193359375,0.2923163461405639,0.2923163461405639,0.18518518518518517,0.23142536475869807
345,1,2.3193359375,0.2840817661155349,0.29334401481188344,0.2303030303030303,0.2545454545454545
346,1,2.3193359375,0.27624308761950184,0.2869585933002099,0.1961840628507295,0.21818181818181817
347,1,2.3193359375,0.2840817661155349,0.29334401481188344,0.21818181818181817,0.2823793490460157
348,1,2.3193359375,0.29283018047622367,0.2938578491475432,0.21818181818181817,0.2545454545454545
349,1,2.3193359375,0.27624308761950184,0.2869585933002099,0.20606060606060606,0.21818181818181817
350,1,2.3193359375,0.28160084045985584,0.2923163461405639,0.19012345679012346,0.21212121212121213
351,1,2.3193359375,0.2938578491475432,0.30118632883178226,0.2,0.23636363636363633
352,1,2.3193359375,0.29283018047622367,0.2938578491475432,0.21818181818181817,0.2545454545454545
353,1,2.3193359375,0.2799644761030204,0.28922672479936895,0.2545454545454545,0.2823793490460157
354,1,2.3193359375,0.3048505686739018,0.3048505686739018,0.2,0.2
355,1,2.3193359375,0.2840817661155349,0.3006724944961225,0.2,0.2641975308641975
356,1,2.3193359375,0.2799644761030204,0.2881990561280494,0.20606060606060606,0.27025813692480355
357,1,2.3193359375,0.2840817661155349,0.29334401481188344,0.21818181818181817,0.2823793490460157
358,1,2.3193359375,0.2938578491475432,0.30118632883178226,0.20606060606060606,0.2424242424242424
359,1,2.3193359375,0.28459560045119464,0.2938578491475432,0.2303030303030303,0.2545454545454545
360,1,2.3193359375,0.28459560045119464,0.2938578491475432,0.2545454545454545,0.2823793490460157
361,1,2.3193359375,0.2799644761030204,0.2799644761030204,0.2684624017957351,0.2962962962962963
362,1,2.3193359375,0.2923163461405639,0.29334401481188344,0.19012345679012346,0.21212121212121213
363,1,2.3193359375,0.2882598402933142,0.3048505686739018,0.2,0.2641975308641975
364,1,2.3193359375,0.2923163461405639,0.3006724944961225,0.19012345679012346,0.2
365,1,2.3193359375,0.27624308761950184,0.27872401327518087,0.21818181818181817,0.21818181818181817
366,1,2.3193359375,0.28459560045119464,0.2938578491475432,0.2303030303030303,0.2545454545454545
367,1,2.3193359375,0.28459560045119464,0.30118632883178226,0.20606060606060606,0.2424242424242424
368,1,2.3193359375,0.27748355044734135,0.2881990561280494,0.21818181818181817,0.2424242424242424
369,1,2.3193359375,0.29283018047622367,0.2938578491475432,0.2545454545454545,0.2545454545454545
370,1,2.3193359375,0.2799644761030204,0.28922672479936895,0.2684624017957351,0.2962962962962963
371,1,2.3193359375,0.29283018047622367,0.2938578491475432,0.20606060606060606,0.2424242424242424
372,1,2.3193359375,0.28160084045985584,0.3006724944961225,0.2,0.21212121212121213
373,1,2.3193359375,0.2840817661155349,0.2923163461405639,0.20830527497194162,0.2823793490460157
374,1,2.3193359375,0.2840817661155349,0.29334401481188344,0.20606060606060606,0.2424242424242424
375,1,2.3193359375,0.2799644761030204,0.2881990561280494,0.20606060606060606,0.27025813692480355
376,1,2.3193359375,0.2840817661155349,0.3006724944961225,0.2,0.21212121212121213
377,1,2.3193359375,0.2840817661155349,0.29334401481188344,0.2545454545454545,0.2823793490460157
378,1,2.3193359375,0.2799644761030204,0.2881990561280494,0.20606060606060606,0.27025813692480355
379,1,2.3193359375,0.28160084045985584,0.29334401481188344,0.20606060606060606,0.21818181818181817
380,1,2.3193359375,0.2938578491475432,0.30118632883178226,0.2,0.23636363636363633
381,1,2.3193359375,0.2799644761030204,0.296555204483608,0.20606060606060606,0.27025813692480355
382,1,2.3193359375,0.2799644761030204,0.2881990561280494,0.20606060606060606,0.27025813692480355
383,1,2.3193359375,0.2938578491475432,0.2938578491475432,0.2545454545454545,0.2545454545454545
384,1,2.3193359375,0.2938578491475432,0.30118632883178226,0.20606060606060606,0.2424242424242424
385,1,2.3193359375,0.2799644761030204,0.2799644761030204,0.24421997755331087,0.2962962962962963
386,1,2.3193359375,0.27748355044734135,0.2799644761030204,0.2303030303030303,0.2823793490460157
387,1,2.3193359375,0.28459560045119464,0.30118632883178226,0.20606060606060606,0.2424242424242424
388,1,2.3193359375,0.2799644761030204,0.296555204483608,0.20606060606060606,0.27025813692480355
389,1,2.3193359375,0.2799644761030204,0.2799644761030204,0.24421997755331087,0.2962962962962963
390,1,2.3193359375,0.27748355044734135,0.2881990561280494,0.21818181818181817,0.2424242424242424
391,1,2.3193359375,0.29283018047622367,0.2938578491475432,0.2545454545454545,0.2545454545454545
392,1,2.3193359375,0.27624308761950184,0.27624308761950184,0.21818181818181817,0.21818181818181817
393,1,2.3193359375,0.2840817661155349,0.29334401481188344,0.20606060606060606,0.2424242424242424
394,1,2.3193359375,0.28160084045985584,0.29334401481188344,0.20606060606060606,0.21818181818181817
395,1,2.3193359375,0.2799644761030204,0.2881990561280494,0.20606060606060606,0.27025813692480355
396,1,2.3193359375,0.2923163461405639,0.2923163461405639,0.18518518518518517,0.18518518518518517
397,1,2.3193359375,0.28160084045985584,0.3006724944961225,0.2,0.21212121212121213
398,1,2.3193359375,0.29283018047622367,0.2938578491475432,0.19012345679012346,0.23636363636363633
399,1,2.3193359375,0.28459560045119464,0.30118632883178226,0.20606060606060606,0.2424242424242424
400,1,2.3193359375,0.2840817661155349,0.29334401481188344,0.20606060606060606,0.2424242424242424
401,1,2.3193359375,0.2840817661155349,0.2923163461405639,0.20830527497194162,0.2823793490460157
402,1,2.3193359375,0.2840817661155349,0.29334401481188344,0.20606060606060606,0.2424242424242424
403,1,2.3193359375,0.29283018047622367,0.2938578491475432,0.19012345679012346,0.23636363636363633
404,1,2.3193359375,0.2923163461405639,0.29334401481188344,0.19012345679012346,0.23636363636363633
405,1,2.3193359375,0.29283018047622367,0.2938578491475432,0.20606060606060606,0.2424242424242424
406,1,2.3193359375,0.2799644761030204,0.2881990561280494,0.2303030303030303,0.2823793490460157
407,1,2.3193359375,0.27748355044734135,0.28922672479936895,0.2303030303030303,0.2545454545454545
408,1,2.3193359375,0.2923163461405639,0.3006724944961225,0.19012345679012346,0.2
409,1,2.3193359375,0.2923163461405639,0.29334401481188344,0.1961840628507295,0.2424242424242424
410,1,2.3193359375,0.2840817661155349,0.3006724944961225,0.2,0.21212121212121213
411,1,2.3193359375,0.29283018047622367,0.30118632883178226,0.19012345679012346,0.2
412,1,2.3193359375,0.2840817661155349,0.29334401481188344,0.2303030303030303,0.2545454545454545
413,1,2.3193359375,0.29283018047622367,0.2938578491475432,0.20606060606060606,0.2424242424242424
414,1,2.3193359375,0.2923163461405639,0.29334401481188344,0.19012345679012346,0.23636363636363633
415,1,2.3193359375,0.2938578491475432,0.2938578491475432,0.2545454545454545,0.2545454545454545
416,1,2.3193359375,0.2799644761030204,0.2881990561280494,0.20606060606060606,0.27025813692480355
417,1,2.3193359375,0.2923163461405639,0.2923163461405639,0.18518518518518517,0.19506172839506172
418,1,2.3193359375,0.27748355044734135,0.2799644761030204,0.21818181818181817,0.27025813692480355
419,1,2.3193359375,0.28160084045985584,0.2923163461405639,0.19012345679012346,0.21212121212121213
420,1,2.3193359375,0.27748355044734135,0.2799644761030204,0.21818181818181817,0.27025813692480355
421,1,2.3193359375,0.2964944203183432,0.3048505686739018,0.2,0.2
422,1,2.3193359375,0.28160084045985584,0.2923163461405639,0.19012345679012346,0.21212121212121213
423,1,2.3193359375,0.29283018047622367,0.2938578491475432,0.20606060606060606,0.2424242424242424
424,1,2.3193359375,0.2923163461405639,0.2923163461405639,0.18518518518518517,0.20718294051627384
425,1,2.3193359375,0.2964944203183432,0.3048505686739018,0.2,0.2
426,1,2.3193359375,0.29283018047622367,0.2938578491475432,0.20606060606060606,0.2424242424242424
427,1,2.3193359375,0.29283018047622367,0.2938578491475432,0.2545454545454545,0.2545454545454545
428,1,2.3193359375,0.28160084045985584,0.2923163461405639,0.19012345679012346,0.21212121212121213
429,1,2.3193359375,0.27624308761950184,0.27872401327518087,0.21818181818181817,0.2424242424242424
430,1,2.3193359375,0.29283018047622367,0.30118632883178226,0.2,0.21212121212121213
431,1,2.3193359375,0.29283018047622367,0.2938578491475432,0.20606060606060606,0.2424242424242424
432,1,2.3193359375,0.27624308761950184,0.28798626197152943,0.21818181818181817,0.21818181818181817
433,1,2.3193359375,0.27624308761950184,0.27624308761950184,0.21818181818181817,0.21818181818181817
434,1,2.3193359375,0.2840817661155349,0.2923163461405639,0.19012345679012346,0.21212121212121213
435,1,2.3193359375,0.2923163461405639,0.29334401481188344,0.20830527497194162,0.2545454545454545
436,1,2.3193359375,0.2923163461405639,0.2923163461405639,0.18518518518518517,0.18518518518518517
437,1,2.3193359375,0.29752208898966276,0.3048505686739018,0.2,0.23636363636363633
438,1,2.3193359375,0.29752208898966276,0.3048505686739018,0.2,0.2
439,1,2.3193359375,0.27748355044734135,0.28922672479936895,0.21818181818181817,0.2424242424242424
440,1,2.3193359375,0.28459560045119464,0.30118632883178226,0.21818181818181817,0.2823793490460157
441,1,2.3193359375,0.2799644761030204,0.2881990561280494,0.20606060606060606,0.27025813692480355
442,1,2.3193359375,0.2840817661155349,0.2923163461405639,0.18518518518518517,0.25925925925925924
443,1,2.3193359375,0.28459560045119464,0.30118632883178226,0.20606060606060606,0.2424242424242424
444,1,2.3193359375,0.2799644761030204,0.28922672479936895,0.2545454545454545,0.2823793490460157
445,1,2.3193359375,0.27624308761950184,0.2869585933002099,0.20606060606060606,0.21818181818181817
446,1,2.3193359375,0.2799644761030204,0.2881990561280494,0.2303030303030303,0.2823793490460157
447,1,2.3193359375,0.29283018047622367,0.30118632883178226,0.2,0.21212121212121213
448,1,2.3193359375,0.2923163461405639,0.29334401481188344,0.19012345679012346,0.23636363636363633
449,1,2.3193359375,0.2799644761030204,0.28922672479936895,0.2545454545454545,0.2823793490460157
450,1,2.3193359375,0.2938578491475432,0.30118632883178226,0.21818181818181817,0.2545454545454545
451,1,2.3193359375,0.2840817661155349,0.2923163461405639,0.18518518518518517,0.20718294051627384
452,1,2.3193359375,0.2799644761030204,0.2799644761030204,0.2684624017957351,0.2962962962962963
453,1,2.3193359375,0.2799644761030204,0.2881990561280494,0.1961840628507295,0.27025813692480355
454,1,2.3193359375,0.29752208898966276,0.3048505686739018,0.2,0.23636363636363633
455,1,2.3193359375,0.29283018047622367,0.30118632883178226,0.2,0.23636363636363633
456,1,2.3193359375,0.2923163461405639,0.3006724944961225,0.18518518518518517,0.19506172839506172
457,1,2.3193359375,0.27624308761950184,0.27624308761950184,0.21818181818181817,0.21818181818181817
458,1,2.3193359375,0.2964944203183432,0.3048505686739018,0.19012345679012346,0.2
459,1,2.3193359375,0.27748355044734135,0.28922672479936895,0.21818181818181817,0.2424242424242424
460,1,2.3193359375,0.27748355044734135,0.28922672479936895,0.21818181818181817,0.2424242424242424
461,1,2.3193359375,0.28459560045119464,0.30118632883178226,0.21818181818181817,0.2823793490460157
462,1,2.3193359375,0.28459560045119464,0.30118632883178226,0.21818181818181817,0.2823793490460157
463,1,2.3193359375,0.2799644761030204,0.2881990561280494,0.2303030303030303,0.2823793490460157
464,1,2.3193359375,0.2840817661155349,0.2923163461405639,0.19012345679012346,0.2641975308641975
465,1,2.3193359375,0.2799644761030204,0.2799644761030204,0.24421997755331087,0.2962962962962963
466,1,2.3193359375,0.27748355044734135,0.28922672479936895,0.21818181818181817,0.2424242424242424
467,1,2.3193359375,0.2799644761030204,0.28922672479936895,0.2545454545454545,0.2823793490460157
468,1,2.3193359375,0.2938578491475432,0.2938578491475432,0.21818181818181817,0.2545454545454545
469,1,2.3193359375,0.29752208898966276,0.3048505686739018,0.2,0.2
470,1,2.3193359375,0.29283018047622367,0.2938578491475432,0.19012345679012346,0.23636363636363633
471,1,2.3193359375,0.29752208898966276,0.3048505686739018,0.2,0.2
472,1,2.3193359375,0.2840817661155349,0.2923163461405639,0.18518518518518517,0.20718294051627384
473,1,2.3193359375,0.2799644761030204,0.2799644761030204,0.2962962962962963,0.2962962962962963
474,1,2.3193359375,0.2799644761030204,0.2881990561280494,0.20606060606060606,0.27025813692480355
475,1,2.3193359375,0.27624308761950184,0.27872401327518087,0.21818181818181817,0.21818181818181817
476,1,2.3193359375,0.2799644761030204,0.28922672479936895,0.2303030303030303,0.2823793490460157
477,1,2.3193359375,0.27624308761950184,0.27624308761950184,0.21818181818181817,0.21818181818181817
478,1,2.3193359375,0.29283018047622367,0.2938578491475432,0.21818181818181817,0.2545454545454545
479,1,2.3193359375,0.2923163461405639,0.3006724944961225,0.19012345679012346,0.2
480,1,2.3193359375,0.29283018047622367,0.2938578491475432,0.21818181818181817,0.2545454545454545
481,1,2.3193359375,0.2840817661155349,0.29334401481188344,0.20606060606060606,0.2424242424242424
482,1,2.3193359375,0.2840817661155349,0.29334401481188344,0.20606060606060606,0.2424242424242424
483,1,2.3193359375,0.2938578491475432,0.30118632883178226,0.2,0.23636363636363633
484,1,2.3193359375,0.2840817661155349,0.3006724944961225,0.2,0.21212121212121213
485,1,2.3193359375,0.29283018047622367,0.30118632883178226,0.2,0.23636363636363633
486,1,2.3193359375,0.28459560045119464,0.2938578491475432,0.2545454545454545,0.2823793490460157
487,1,2.3193359375,0.2840817661155349,0.2923163461405639,0.1961840628507295,0.2424242424242424
488,1,2.3193359375,0.28459560045119464,0.30118632883178226,0.21818181818181817,0.2823793490460157
489,1,2.3193359375,0.2840817661155349,0.2923163461405639,0.18518518518518517,0.20718294051627384
490,1,2.3193359375,0.27624308761950184,0.27872401327518087,0.21818181818181817,0.2424242424242424
491,1,2.3193359375,0.27748355044734135,0.28922672479936895,0.2303030303030303,0.2545454545454545
492,1,2.3193359375,0.2938578491475432,0.30118632883178226,0.21818181818181817,0.2545454545454545
493,1,2.3193359375,0.2840817661155349,0.3006724944961225,0.2,0.2641975308641975
494,1,2.3193359375,0.2799644761030204,0.28922672479936895,0.2303030303030303,0.2823793490460157
495,1,2.3193359375,0.2799644761030204,0.28922672479936895,0.2684624017957351,0.2962962962962963
496,1,2.3193359375,0.2840817661155349,0.3006724944961225,0.2,0.21212121212121213
497,1,2.3193359375,0.29752208898966276,0.3048505686739018,0.2,0.23636363636363633
498,1,2.3193359375,0.29283018047622367,0.30118632883178226,0.2,0.21212121212121213
499,1,2.3193359375,0.27624308761950184,0.27872401327518087,0.21818181818181817,0.21818181818181817
